{
    "school_distr": {
        "ahss": {
            "Edinburgh College of Art": {
                "distr": [
                    0.039285714285714285,
                    0.6214285714285714,
                    0.30357142857142855,
                    0.03571428571428571
                ]
            },
            "School of Law": {
                "distr": [
                    0.07894736842105263,
                    0.5,
                    0.3355263157894737,
                    0.08552631578947369
                ]
            },
            "School of Literatures, Languages and Cultures": {
                "distr": [
                    0.0962962962962963,
                    0.6518518518518519,
                    0.24444444444444444,
                    0.007407407407407408
                ]
            },
            "School of History, Classics and Archaeology": {
                "distr": [
                    0.10810810810810811,
                    0.5202702702702703,
                    0.33783783783783783,
                    0.033783783783783786
                ]
            },
            "School of Social and Political Science": {
                "distr": [
                    0.1350210970464135,
                    0.6329113924050633,
                    0.22784810126582278,
                    0.004219409282700422
                ]
            },
            "School of Divinity": {
                "distr": [
                    0.030303030303030304,
                    0.5757575757575758,
                    0.3181818181818182,
                    0.07575757575757576
                ]
            },
            "Moray House School of Education and Sport": {
                "distr": [
                    0.14583333333333334,
                    0.6111111111111112,
                    0.2152777777777778,
                    0.027777777777777776
                ]
            },
            "Business School": {
                "distr": [
                    0.11363636363636363,
                    0.5625,
                    0.3068181818181818,
                    0.017045454545454544
                ]
            },
            "School of Economics": {
                "distr": [
                    0.15151515151515152,
                    0.6363636363636364,
                    0.21212121212121213,
                    0.0
                ]
            }
        },
        "vm": {
            "Royal (Dick) School of Veterinary Studies": {
                "distr": [
                    0.08417508417508418,
                    0.5993265993265994,
                    0.24915824915824916,
                    0.06734006734006734
                ]
            },
            "Deanery of Biomedical Sciences": {
                "distr": [
                    0.08333333333333333,
                    0.5588235294117647,
                    0.30392156862745096,
                    0.05392156862745098
                ]
            },
            "Deanery of Clinical Sciences": {
                "distr": [
                    0.06950672645739911,
                    0.5852017937219731,
                    0.25112107623318386,
                    0.09417040358744394
                ]
            },
            "Deanery of Molecular, Genetic and Population Health Sciences": {
                "distr": [
                    0.052884615384615384,
                    0.5865384615384616,
                    0.2644230769230769,
                    0.09615384615384616
                ]
            }
        },
        "se": {
            "School of Informatics": {
                "distr": [
                    0.07744107744107744,
                    0.47474747474747475,
                    0.3333333333333333,
                    0.11447811447811448
                ]
            },
            "School of Engineering": {
                "distr": [
                    0.044673539518900345,
                    0.41237113402061853,
                    0.41580756013745707,
                    0.12714776632302405
                ]
            },
            "School of Physics and Astronomy": {
                "distr": [
                    0.1016949152542373,
                    0.5480225988700564,
                    0.2598870056497175,
                    0.0903954802259887
                ]
            },
            "School of Biological Sciences": {
                "distr": [
                    0.09433962264150944,
                    0.5849056603773585,
                    0.27044025157232704,
                    0.050314465408805034
                ]
            },
            "School of Geosciences": {
                "distr": [
                    0.14358974358974358,
                    0.5384615384615384,
                    0.2512820512820513,
                    0.06666666666666667
                ]
            },
            "School of Chemistry": {
                "distr": [
                    0.030303030303030304,
                    0.48484848484848486,
                    0.3939393939393939,
                    0.09090909090909091
                ]
            }
        }
    },
    "tfIdf": {
        "ahss": {
            "Edinburgh College of Art": {
                "ratio": [
                    0.05124890323077764,
                    0.4911968028795858,
                    0.36146545117634254,
                    0.07352290776088931
                ]
            },
            "School of Law": {
                "ratio": [
                    0.05705378519824346,
                    0.41251308735909525,
                    0.3775789289494616,
                    0.14566342196967938
                ]
            },
            "School of Literatures, Languages and Cultures": {
                "ratio": [
                    0.06728591184010417,
                    0.5128226729526596,
                    0.33762617273555506,
                    0.06045754124928081
                ]
            },
            "School of History, Classics and Archaeology": {
                "ratio": [
                    0.050135019891991664,
                    0.44434516529760865,
                    0.4049890165459706,
                    0.08823898424169428
                ]
            },
            "School of Social and Political Science": {
                "ratio": [
                    0.09686732977775023,
                    0.5316186554716159,
                    0.30788433345853683,
                    0.055714176917111995
                ]
            },
            "School of Divinity": {
                "ratio": [
                    0.02571739163830734,
                    0.4805005685338673,
                    0.3589253753145533,
                    0.10837961514340283
                ]
            },
            "Moray House School of Education and Sport": {
                "ratio": [
                    0.09525862873760262,
                    0.5036325725538594,
                    0.3020433806117604,
                    0.09551477100223615
                ]
            },
            "Business School": {
                "ratio": [
                    0.0692985324033711,
                    0.4815043712893176,
                    0.40107891982892,
                    0.04370613980829036
                ]
            },
            "School of Economics": {
                "ratio": [
                    0.09611599869664383,
                    0.5983510915607689,
                    0.2589159335288368,
                    0.04349869664385793
                ]
            }
        },
        "vm": {
            "Royal (Dick) School of Veterinary Studies": {
                "ratio": [
                    0.08267416662943367,
                    0.4454905903735209,
                    0.32968062212109117,
                    0.1398445869354444
                ]
            },