{
    "school_distr": {
        "ahss": {
            "Edinburgh College of Art": {
                "distr": [
                    0.027874564459930314,
                    0.013937282229965157,
                    0.03484320557491289,
                    0.9233449477351916
                ]
            },
            "School of Law": {
                "distr": [
                    0.05194805194805195,
                    0.0,
                    0.03896103896103896,
                    0.9090909090909091
                ]
            },
            "School of Literatures, Languages and Cultures": {
                "distr": [
                    0.020689655172413793,
                    0.006896551724137931,
                    0.034482758620689655,
                    0.9379310344827586
                ]
            },
            "School of History, Classics and Archaeology": {
                "distr": [
                    0.038461538461538464,
                    0.01282051282051282,
                    0.03205128205128205,
                    0.9166666666666666
                ]
            },
            "School of Social and Political Science": {
                "distr": [
                    0.05761316872427984,
                    0.00411522633744856,
                    0.024691358024691357,
                    0.9135802469135802
                ]
            },
            "School of Divinity": {
                "distr": [
                    0.056338028169014086,
                    0.0,
                    0.014084507042253521,
                    0.9295774647887324
                ]
            },
            "Moray House School of Education and Sport": {
                "distr": [
                    0.034013605442176874,
                    0.0,
                    0.02040816326530612,
                    0.9455782312925171
                ]
            },
            "Business School": {
                "distr": [
                    0.13186813186813187,
                    0.005494505494505495,
                    0.02197802197802198,
                    0.8406593406593407
                ]
            },
            "School of Economics": {
                "distr": [
                    0.058823529411764705,
                    0.029411764705882353,
                    0.029411764705882353,
                    0.8823529411764706
                ]
            }
        },
        "vm": {
            "Royal (Dick) School of Veterinary Studies": {
                "distr": [
                    0.053691275167785234,
                    0.0,
                    0.020134228187919462,
                    0.9261744966442953
                ]
            },
            "Deanery of Biomedical Sciences": {
                "distr": [
                    0.04390243902439024,
                    0.004878048780487805,
                    0.00975609756097561,
                    0.9414634146341463
                ]
            },
            "Deanery of Clinical Sciences": {
                "distr": [
                    0.06487695749440715,
                    0.006711409395973154,
                    0.013422818791946308,
                    0.9149888143176734
                ]
            },
            "Deanery of Molecular, Genetic and Population Health Sciences": {
                "distr": [
                    0.0660377358490566,
                    0.018867924528301886,
                    0.07547169811320754,
                    0.839622641509434
                ]
            }
        },
        "se": {
            "School of Informatics": {
                "distr": [
                    0.08637873754152824,
                    0.013289036544850499,
                    0.029900332225913623,
                    0.8704318936877077
                ]
            },
            "School of Engineering": {
                "distr": [
                    0.136986301369863,
                    0.003424657534246575,
                    0.05821917808219178,
                    0.8013698630136986
                ]
            },
            "School of Physics and Astronomy": {
                "distr": [
                    0.07344632768361582,
                    0.005649717514124294,
                    0.062146892655367235,
                    0.8587570621468926
                ]
            },
            "School of Biological Sciences": {
                "distr": [
                    0.05660377358490566,
                    0.0,
                    0.012578616352201259,
                    0.9308176100628931
                ]
            },
            "School of Geosciences": {
                "distr": [
                    0.04522613065326633,
                    0.0,
                    0.020100502512562814,
                    0.9346733668341709
                ]
            },
            "School of Chemistry": {
                "distr": [
                    0.030303030303030304,
                    0.0,
                    0.045454545454545456,
                    0.9242424242424242
                ]
            }
        }
    },
    "avg_publishing_count": {
        "ahss": {
            "white": {
                "Edinburgh College of Art": 24.221498156203605,
                "School of Law": 28.757068824531128,
                "School of Literatures, Languages and Cultures": 18.596718644484007,
                "School of History, Classics and Archaeology": 18.144668513957313,
                "School of Social and Political Science": 13.966204911785882,
                "School of Divinity": 32.29228395061729,
                "Moray House School of Education and Sport": 11.848533694739777,
                "Business School": 21.808011418853255,
                "School of Economics": 14.455088702147528
            },
            "api": {
                "Edinburgh College of Art": 22.99464285714286,
                "School of Law": 21.74417989417989,
                "School of Literatures, Languages and Cultures": 11.2,
                "School of History, Classics and Archaeology": 31.472222222222218,
                "School of Social and Political Science": 11.152853659750212,
                "School of Divinity": 32.541666666666664,
                "Moray House School of Education and Sport": 5.645833333333332,
                "Business School": 19.756597222222222,
                "School of Economics": 6.7
            },
            "hispanic": {
                "Edinburgh College of Art": 12.204708994708994,
                "School of Law": 17.36190476190476,
                "School of Literatures, Languages and Cultures": 18.333333333333332,
                "School of History, Classics and Archaeology": 35.266666666666666,
                "School of Social and Political Science": 9.051388888888889,
                "School of Divinity": 33.75,
                "Moray House School of Education and Sport": 8.027777777777777,
                "Business School": 8.476190476190476,
                "School of Economics": 12.8
            }
        },
        "vm": {
            "white": {
                "Royal (Dick) School of Veterinary Studies": 13.911630490431566,
                "Deanery of Biomedical Sciences": 18.120911151635518,
                "Deanery of Clinical Sciences": 15.008501192043987,
                "Deanery of Molecular, Genetic and Population Health Sciences": 14.594036930631908
            },
            "api": {
                "Royal (Dick) School of Veterinary Studies": 9.89570204459152,
                "Deanery of Biomedical Sciences": 6.54278732291728,
                "Deanery of Clinical Sciences": 12.7085962444248,
                "Deanery of Molecular, Genetic and Population Health Sciences": 9.480953529377489
            },
            "hispanic": {
                "Royal (Dick) School of Veterinary Studies": 3.711788361788362,
                "Deanery of Biomedical Sciences": 2.455497835497835,