{
    "school_distr": {
        "ahss": {
            "Edinburgh College of Art": {
                "distr": [
                    0.7421602787456446,
                    0.2578397212543554
                ]
            },
            "School of Law": {
                "distr": [
                    0.6298701298701299,
                    0.37012987012987014
                ]
            },
            "School of Literatures, Languages and Cultures": {
                "distr": [
                    0.6620689655172414,
                    0.33793103448275863
                ]
            },
            "School of History, Classics and Archaeology": {
                "distr": [
                    0.6602564102564102,
                    0.33974358974358976
                ]
            },
            "School of Social and Political Science": {
                "distr": [
                    0.6584362139917695,
                    0.34156378600823045
                ]
            },
            "School of Divinity": {
                "distr": [
                    0.7746478873239436,
                    0.22535211267605634
                ]
            },
            "Moray House School of Education and Sport": {
                "distr": [
                    0.8163265306122449,
                    0.1836734693877551
                ]
            },
            "Business School": {
                "distr": [
                    0.532967032967033,
                    0.46703296703296704
                ]
            },
            "School of Economics": {
                "distr": [
                    0.5,
                    0.5
                ]
            }
        },
        "vm": {
            "Royal (Dick) School of Veterinary Studies": {
                "distr": [
                    0.7315436241610739,
                    0.2684563758389262
                ]
            },
            "Deanery of Biomedical Sciences": {
                "distr": [
                    0.7024390243902439,
                    0.2975609756097561
                ]
            },
            "Deanery of Clinical Sciences": {
                "distr": [
                    0.7225950782997763,
                    0.27740492170022374
                ]
            },
            "Deanery of Molecular, Genetic and Population Health Sciences": {
                "distr": [
                    0.6415094339622641,
                    0.3584905660377358
                ]
            }
        },
        "se": {
            "School of Informatics": {
                "distr": [
                    0.5415282392026578,
                    0.4584717607973422
                ]
            },
            "School of Engineering": {
                "distr": [
                    0.5171232876712328,
                    0.4828767123287671
                ]
            },
            "School of Physics and Astronomy": {
                "distr": [
                    0.6045197740112994,
                    0.3954802259887006
                ]
            },
            "School of Biological Sciences": {
                "distr": [
                    0.6540880503144654,
                    0.34591194968553457
                ]
            },
            "School of Geosciences": {
                "distr": [
                    0.7537688442211056,
                    0.24623115577889448
                ]
            },
            "School of Chemistry": {
                "distr": [
                    0.6818181818181818,
                    0.3181818181818182
                ]
            }
        }
    },
    "avg_publishing_ratio": {
        "ahss": {
            "Edinburgh College of Art": 1.3092593987955994,
            "School of Law": 1.498239071104242,
            "School of Literatures, Languages and Cultures": 0.9988487851471555,
            "School of History, Classics and Archaeology": 0.7627988945432279,
            "School of Social and Political Science": 1.3930666760334443,
            "School of Divinity": 0.9027625355441097,
            "Moray House School of Education and Sport": 0.9650992073014516,
            "Business School": 1.5261941487678605,
            "School of Economics": 1.4865807179009545
        },
        "vm": {
            "Royal (Dick) School of Veterinary Studies": 1.5536837753057011,
            "Deanery of Biomedical Sciences": 2.266424966837936,
            "Deanery of Clinical Sciences": 1.4960876012918003,
            "Deanery of Molecular, Genetic and Population Health Sciences": 1.802238100900639
        },
        "se": {
            "School of Informatics": 1.4289817365860291,
            "School of Engineering": 1.376075310613924,
            "School of Physics and Astronomy": 1.8401231864491254,
            "School of Biological Sciences": 2.025770034814725,
            "School of Geosciences": 1.6653097925645528,
            "School of Chemistry": 1.7709432828071754
        }
    },
    "tfIdf": {
        "ahss": {
            "Edinburgh College of Art": {
                "distr": [
                    0.7032416552928407,
                    0.27151728709059386
                ]
            },
            "School of Law": {
                "distr": [
                    0.6412145020323113,
                    0.3518781567695838
                ]
            },
            "School of Literatures, Languages and Cultures": {
                "distr": [
                    0.624177942375551,
                    0.35147482742420966
                ]
            },
            "School of History, Classics and Archaeology": {
                "distr": [
                    0.623874324833166,
                    0.3576879541327324
                ]
            },
            "School of Social and Political Science": {
                "distr": [
                    0.6439767031130518,
                    0.348901586891169
                ]
            },
            "School of Divinity": {
                "distr": [
                    0.6919015456736588,
                    0.28326111107068447
                ]
            },
            "Moray House School of Education and Sport": {
                "distr": [
                    0.7584360543161875,
                    0.23721549214854984
                ]
            },
            "Business School": {
                "distr": [
                    0.5022687486397164,
                    0.4887464601174279
                ]
            },
            "School of Economics": {
                "distr": [
                    0.51809318784832,
                    0.48091951987406517
                ]
            }
        },
        "vm": {
            "Royal (Dick) School of Veterinary Studies": {
                "distr": [
                    0.7320209847535638,
                    0.26616851663664076
                ]
            },
            "Deanery of Biomedical Sciences": {
                "distr": [
                    0.7039917132861179,
                    0.2941383294780853
                ]
            },
            "Deanery of Clinical Sciences": {
                "distr": [
                    0.7238288185437726,
                    0.2754241025266424
                ]
            },
            "Deanery of Molecular, Genetic and Population Health Sciences": {
                "distr": [
                    0.667005028766337,
                    0.3314431216857235
                ]
            }
        },
        "se": {
            "School of Informatics": {
                "distr": [
                    0.5411762048696309,
                    0.4570939672245083
                ]
            },
            "School of Engineering": {
                "distr": [
                    0.5048410676514898,
                    0.4943672242787432
                ]
            },